comment_order,comment_date,comment_text,comment_likes,cleaned_comment_text
1,2024-11-24 16:03:03,I love it but also Holly crap someone needs to clean that carpet lol,3,I love it but also Holly crap someone needs to clean that carpet lol
2,2024-11-24 13:59:02,I love all of these photos so much!,2,I love all of these photos so much!
3,2024-11-24 20:50:43,Now I miss my cat... take good care of them OP.,2,Now I miss my cat... take good care of them OP.
4,2024-11-24 11:51:02,Yes. Definitely orange,1,Yes. Definitely orange
5,2024-11-24 21:16:44,Ograne,1,Ograne
6,2024-11-24 22:40:45,"Orange is the old, *D‚Äôoh!*",1,"Orange is the old, *D‚Äôoh!*"
7,2024-11-24 22:55:08,Pure chaos in every single photo üòÇ,1,Pure chaos in every single photo 
8,2024-11-24 19:21:55,It gets cleaned almost every week but these oranges love fighting on the carpet and ripping out each other‚Äôs fur,2,It gets cleaned almost every week but these oranges love fighting on the carpet and ripping out each other‚Äôs fur
1,2024-11-23 18:23:52,"pls join the only OFFICIAL wunkus discord: https://discord.gg/cCy78MGeEs

remember to wunk and be kind!!!

*I am a bot, and this action was performed automatically. Please [contact the moderators of this subreddit](/message/compose/?to=/r/wunkus) if you have any questions or concerns.*",1,"pls join the only OFFICIAL wunkus discord 

remember to wunk and be kind!!!

*I am a bot, and this action was performed automatically. Please [contact the moderators of this subreddit](/message/compose/?to=/r/wunkus) if you have any questions or concerns.*"
1,2024-11-24 23:10:40,"I enjoy the outside orange glancing at your cat, the door, and you, as if to say, ""Yeah, sure, we'll be great friends, you just gotta get the human to let me in for some snacks... I mean for friendship.""",2,"I enjoy the outside orange glancing at your cat, the door, and you, as if to say, ""Yeah, sure, we'll be great friends, you just gotta get the human to let me in for some snacks... I mean for friendship."""
1,2024-11-24 21:04:20,That sounds great!,2,That sounds great!
1,2024-11-24 17:18:53,"So pretty ü§© I wonder if you can punch in cloves in place of the white buds, it would smell amazing!",18,"So pretty ü§© I wonder if you can punch in cloves in place of the white buds, it would smell amazing!"
2,2024-11-24 17:01:04,Love it!,4,Love it!
3,2024-11-24 20:09:45,I assume that the orange is dried out?,4,I assume that the orange is dried out?
4,2024-11-24 20:10:34,"Yes, dehydrated: )",5,"Yes, dehydrated )"
1,2024-11-23 16:58:17,"Thank you for your submission u/KillerRabbitMedia!

We're holding an art contest for a new subreddit icon and banner. Check the announcement post out [here](https://www.reddit.com/r/PixelArt/comments/1gmf72e/art_contest_new_subreddit_icon_and_banner/?utm_source=share&utm_medium=web3x&utm_name=web3xcss&utm_term=1&utm_content=share_button).

Want to share your artwork, meet other artists, promote your content, and chat in a relaxed environment? Join our community Discord server here! https://discord.gg/chuunhpqsU


*I am a bot, and this action was performed automatically. Please [contact the moderators of this subreddit](/message/compose/?to=/r/PixelArt) if you have any questions or concerns.*",1,"Thank you for your submission u/KillerRabbitMedia!

We're holding an art contest for a new subreddit icon and banner. Check the announcement post out [here](

Want to share your artwork, meet other artists, promote your content, and chat in a relaxed environment? Join our community Discord server here! 


*I am a bot, and this action was performed automatically. Please [contact the moderators of this subreddit](/message/compose/?to=/r/PixelArt) if you have any questions or concerns.*"
2,2024-11-23 17:42:38,Crazy good!,75,Crazy good!
3,2024-11-23 20:21:48,"I love it! I just wish the arch reached it‚Äôs top cause that‚Äôs the only bit that bugs me

Very castlevania tho!",61,"I love it! I just wish the arch reached it‚Äôs top cause that‚Äôs the only bit that bugs me

Very castlevania tho!"
4,2024-11-23 20:16:20,This is now my lock screen. Fantastic work,18,This is now my lock screen. Fantastic work
5,2024-11-23 20:28:39,I love this. I would totally use this as wallpaper for my phone,11,I love this. I would totally use this as wallpaper for my phone
6,2024-11-23 21:41:49,"I just noticed now, the amount of skulls at the base, how long did it take to finish? insane amount of detail, amazing job!",8,"I just noticed now, the amount of skulls at the base, how long did it take to finish? insane amount of detail, amazing job!"
7,2024-11-23 20:41:53,Absolutely stunning piece!!,6,Absolutely stunning piece!!
8,2024-11-23 21:18:21,"I can't help but think this is what it would look like if Voldemort had won üòú Awesome work, man. The lighting is super eerie üíØ",11,"I can't help but think this is what it would look like if Voldemort had won  Awesome work, man. The lighting is super eerie "
9,2024-11-23 23:49:47,What a horrible night to have a curse.,6,What a horrible night to have a curse.
10,2024-11-23 21:11:43,I whipped out my whip when I saw this picture,3,I whipped out my whip when I saw this picture
11,2024-11-23 21:59:31,"Aaaand now I had to figure out how to make the wallpaper span across my 2 vertically placed monitors.

Thank you for making this, the vibes are absolutely immaculate

though if you happen to make a version of this in the future that is composed to be divided into 2 equal pieces with an aspect ratio of 16:9 so that no detailed center pieces are sliced up because they are in the middle of the picture, please post that one as well :D:D

  
Also, what tools did you use to make this? / Can you drop a few words about your workflow? / Do you have a YT channel where we could watch how something like this gets made?",3,"Aaaand now I had to figure out how to make the wallpaper span across my 2 vertically placed monitors.

Thank you for making this, the vibes are absolutely immaculate

though if you happen to make a version of this in the future that is composed to be divided into 2 equal pieces with an aspect ratio of 169 so that no detailed center pieces are sliced up because they are in the middle of the picture, please post that one as well DD

  
Also, what tools did you use to make this? / Can you drop a few words about your workflow? / Do you have a YT channel where we could watch how something like this gets made?"
12,2024-11-23 23:16:06,The atmosphere is perfect.,4,The atmosphere is perfect.
13,2024-11-24 00:16:16,I love it. It's kindling my nostalgia. Reminds me of that one card deck in Windows 98 Solitaire with the flying bats!,3,I love it. It's kindling my nostalgia. Reminds me of that one card deck in Windows 98 Solitaire with the flying bats!
14,2024-11-23 20:54:20,Absolutely gorgeousüî• I aspire to be this talented one day!,3,Absolutely gorgeous I aspire to be this talented one day!
15,2024-11-23 21:05:52,Wow! this is brillant!,2,Wow! this is brillant!
16,2024-11-23 21:17:18,Sick,2,Sick
17,2024-11-23 21:52:19,Very awesome,2,Very awesome
18,2024-11-23 21:57:45,felt Disney vibes from this,2,felt Disney vibes from this
19,2024-11-23 22:18:52,Bloody tears starts up in the background,2,Bloody tears starts up in the background
20,2024-11-23 22:26:06,This is amazing!!  Love the vibes here,2,This is amazing!!  Love the vibes here
21,2024-11-23 22:38:05,woah nice,2,woah nice
22,2024-11-23 22:47:39,"Absolutely beautiful. Always been a huge fan of images with stark warm/cool contrast, and you really nailed the vibes with this one",2,"Absolutely beautiful. Always been a huge fan of images with stark warm/cool contrast, and you really nailed the vibes with this one"
23,2024-11-23 22:55:53,"![gif](giphy|4QTHn15ovynvgkyYcl)

Amazing work!",2,"![gif](giphy|4QTHn15ovynvgkyYcl)

Amazing work!"
24,2024-11-23 23:45:51,"My god, this looks gorgeous. Masterpiece level for sure.",2,"My god, this looks gorgeous. Masterpiece level for sure."
25,2024-11-23 23:53:04,Any chane you have a high res downloas option? I want to set this as my wallpaper on my phone :>,2,Any chane you have a high res downloas option? I want to set this as my wallpaper on my phone >
26,2024-11-24 00:35:33,"I was randomly playing Castlevania Bloodlines like 5 minutes ago, and now this. Love it.",2,"I was randomly playing Castlevania Bloodlines like 5 minutes ago, and now this. Love it."
27,2024-11-24 01:39:58,Super cool! It reminds me of the cover art for ‚ÄúThe Great Book of Amber‚Äù but with the spooky meter turned up to 11!,2,Super cool! It reminds me of the cover art for ‚ÄúThe Great Book of Amber‚Äù but with the spooky meter turned up to 11!
28,2024-11-24 02:05:06,How pretty!,2,How pretty!
29,2024-11-24 02:33:28,Duuude I love this!!!,2,Duuude I love this!!!
30,2024-11-24 03:45:23,"You scared me into thinking that this was AI for a second haha, insane work!",2,"You scared me into thinking that this was AI for a second haha, insane work!"
31,2024-11-24 04:06:59,Love the detail and coloring,2,Love the detail and coloring
32,2024-11-24 05:07:12,Love it!,2,Love it!
33,2024-11-24 05:29:05,Really amazing. The color are so well used. Great job.,2,Really amazing. The color are so well used. Great job.
34,2024-11-24 06:11:31,This so fucking impressive omg,2,This so fucking impressive omg
35,2024-11-24 06:46:20,"Great work. Pixel Joint quality ;)

How long did this take you and how long have you been drawing in general and making pixel art specifically?",2,"Great work. Pixel Joint quality ;)

How long did this take you and how long have you been drawing in general and making pixel art specifically?"
36,2024-11-24 07:49:26,Castlevania vibes! Amazing work!,2,Castlevania vibes! Amazing work!
37,2024-11-24 08:51:40,Really nice work! However I feel like something is off with the arch. Is it asymmetrical? The line segments don‚Äôt follow the general curvature.,2,Really nice work! However I feel like something is off with the arch. Is it asymmetrical? The line segments don‚Äôt follow the general curvature.
38,2024-11-24 09:10:03,Demn how long did it take you to make this,2,Demn how long did it take you to make this
39,2024-11-24 09:52:54,Oh my gosh I love it! There used to be a Windows Solitaire deck I loved to pick and this reminds me of it.,2,Oh my gosh I love it! There used to be a Windows Solitaire deck I loved to pick and this reminds me of it.
40,2024-11-24 11:56:09,"Looks similar to the front cover of the book ‚Äúthe secret‚Äù or perhaps one of the pages inside it.. not sure from memory

I thought about going to Charleston as I believed I solved one of the riddles, never did go though",2,"Looks similar to the front cover of the book ‚Äúthe secret‚Äù or perhaps one of the pages inside it.. not sure from memory

I thought about going to Charleston as I believed I solved one of the riddles, never did go though"
41,2024-11-24 13:29:09,my two favourite colours... so cool,2,my two favourite colours... so cool
42,2024-11-24 13:57:51,"It looks beautiful, reminds me of Hogrards for some reason.",2,"It looks beautiful, reminds me of Hogrards for some reason."
43,2024-11-24 14:09:12,Great artwork. May I ask the canvas size that you worked on?,2,Great artwork. May I ask the canvas size that you worked on?
44,2024-11-24 16:18:49,"looks fantastic, i like it",2,"looks fantastic, i like it"
45,2024-11-24 16:43:33,Instantly started looking for signs that it might be AI... Great work! Ai could never be so perfect,2,Instantly started looking for signs that it might be AI... Great work! Ai could never be so perfect
46,2024-11-23 21:35:25,I want this as my pc wallpaper!,1,I want this as my pc wallpaper!
47,2024-11-24 02:39:22,Bloody hell mate this is a stunner! Well done,1,Bloody hell mate this is a stunner! Well done
48,2024-11-24 17:56:51,Gives me Elden Ring/Harry Potter Vibes,1,Gives me Elden Ring/Harry Potter Vibes
49,2024-11-24 18:25:18,Now do black and yellow ‚ö´üü° cause you know what it is,1,Now do black and yellow üü° cause you know what it is
50,2024-11-24 20:32:58,Thats so cool bro!,1,Thats so cool bro!
51,2024-11-24 01:01:31,Is that supposed to be Castlevania? Or just a cool looking gothic styled castle?,1,Is that supposed to be Castlevania? Or just a cool looking gothic styled castle?
52,2024-11-24 03:57:22,"Reminds me of something

https://preview.redd.it/y0zi7yizvr2e1.jpeg?width=892&format=pjpg&auto=webp&s=75baa9ad3ac70fe0b20bbf876ec9a811c4592482",1,"Reminds me of something

"
53,2024-11-24 00:05:21,AI.,0,AI.
54,2024-11-23 18:26:38,Thanks!,19,Thanks!
55,2024-11-23 22:16:10,I immediately thought of Castlevania lol,20,I immediately thought of Castlevania lol
56,2024-11-24 04:05:20,"Haha thanks for the feedback, maybe I'll extend it. This was definitely inspired by castlevania",2,"Haha thanks for the feedback, maybe I'll extend it. This was definitely inspired by castlevania"
57,2024-11-24 04:06:01,Haha enjoy!,2,Haha enjoy!
58,2024-11-24 17:25:44,Same,1,Same
59,2024-11-24 00:26:43,Great idea. It looks fantastic on my phone.,4,Great idea. It looks fantastic on my phone.
60,2024-11-24 04:32:00,"Thanks for noticing! This took me way longer than initially intended, probably about 30 hours of work mostly spent on those sorts of fiddly details",3,"Thanks for noticing! This took me way longer than initially intended, probably about 30 hours of work mostly spent on those sorts of fiddly details"
61,2024-11-24 04:25:10,Thank you!,2,Thank you!
62,2024-11-24 04:32:18,Now that's a dark thought haha. Tha k you!,3,Now that's a dark thought haha. Tha k you!
63,2024-11-24 04:55:22,Lmao,3,Lmao
64,2024-11-24 04:40:01,"Thank you, I was going for atmospheric clouds",3,"Thank you, I was going for atmospheric clouds"
65,2024-11-24 04:54:01,"I remember that, blast from the past",3,"I remember that, blast from the past"
66,2024-11-24 04:37:07,"Thank you, too kind!",2,"Thank you, too kind!"
67,2024-11-24 04:55:15,Thank you!,1,Thank you!
68,2024-11-24 17:17:50,Thanks!,1,Thanks!
69,2024-11-24 04:55:28,Thanks!,2,Thanks!
70,2024-11-24 04:55:43,Haha needs that arcing firework across the top of it,2,Haha needs that arcing firework across the top of it
71,2024-11-24 04:55:53,Thank you!,1,Thank you!
72,2024-11-24 04:56:02,Thanks!,1,Thanks!
73,2024-11-24 04:56:09,Thank you!,3,Thank you!
74,2024-11-24 04:56:16,Thank you kindly,1,Thank you kindly
75,2024-11-24 04:56:49,"Thanks, I'll check it out for inspiration",1,"Thanks, I'll check it out for inspiration"
76,2024-11-24 04:56:57,Thank you!,2,Thank you!
77,2024-11-24 04:57:09,Thank you!,1,Thank you!
78,2024-11-24 04:57:31,"Haha thanks, sign of the times I guess. We need those dogs that bark when they detect a terminator",3,"Haha thanks, sign of the times I guess. We need those dogs that bark when they detect a terminator"
79,2024-11-24 04:57:49,Thanks!,1,Thanks!
80,2024-11-24 12:31:41,Thanks!,1,Thanks!
81,2024-11-24 12:31:33,Thank you!,1,Thank you!
82,2024-11-24 12:31:26,"Thank you! This was about 30 hours, I've been drawing since I was a kid and doing pixel art since lockdown",1,"Thank you! This was about 30 hours, I've been drawing since I was a kid and doing pixel art since lockdown"
83,2024-11-24 12:30:55,"Thank you, was definitely inspired by that",2,"Thank you, was definitely inspired by that"
84,2024-11-24 12:30:40,"Thanks for the feedback! It is symmetrical, made from two mirrored sides",1,"Thanks for the feedback! It is symmetrical, made from two mirrored sides"
85,2024-11-24 12:30:12,About 30 hours,1,About 30 hours
86,2024-11-24 12:30:05,"Thank you! I know the deck you mean, the similarity only occurred to me after someone else mentioned it",1,"Thank you! I know the deck you mean, the similarity only occurred to me after someone else mentioned it"
87,2024-11-24 12:29:33,"Ahh, I haven't read it, is it a book of rriddles?",1,"Ahh, I haven't read it, is it a book of rriddles?"
88,2024-11-24 17:18:11,Haha glad to hear it,2,Haha glad to hear it
89,2024-11-23 22:03:18,"Same, in fact It's already set lmao

Though I have 2 monitors stacked on top of each other so almost the whole thing is visible",1,"Same, in fact It's already set lmao

Though I have 2 monitors stacked on top of each other so almost the whole thing is visible"
90,2024-11-24 04:56:32,But of both haha,2,But of both haha
91,2024-11-24 04:57:42,Lmao,2,Lmao
92,2024-11-24 03:46:44,"Way too cohesive to be AI, unless I missed recent developments with pixel art prompts ‚Äî definitely see why you thought it though",5,"Way too cohesive to be AI, unless I missed recent developments with pixel art prompts ‚Äî definitely see why you thought it though"
93,2024-11-24 04:55:06,Nope,3,Nope
94,2024-11-23 22:30:34,I also thought that‚Äîa mix between Castlevania and Prince of Persia.,4,I also thought that‚Äîa mix between Castlevania and Prince of Persia.
95,2024-11-24 04:05:35,Definitely inspired by the otiginals,2,Definitely inspired by the otiginals
96,2024-11-24 05:43:17,This would make a great cut scene for a dungeon game. Makes me want to go dungeon diving. Great job!,2,This would make a great cut scene for a dungeon game. Makes me want to go dungeon diving. Great job!
97,2024-11-24 04:55:31,">Thank you!

You're welcome!",1,">Thank you!

You're welcome!"
98,2024-11-24 04:55:40,">Thanks!

You're welcome!",2,">Thanks!

You're welcome!"
99,2024-11-24 04:56:05,">Thank you!

You're welcome!",1,">Thank you!

You're welcome!"
100,2024-11-24 15:05:52,dang are you a professional like for how many years have you been doing this,1,dang are you a professional like for how many years have you been doing this
101,2024-11-24 12:47:47,"Yes, pictures with a riddle.  Some guy buried 13 boxes containing tokens across the us.. only 3were ever found.  The author since died.  The token can be brought to the authors surviving relative in exchange for a gem I think.  They were entrusted with this in his will apparently

One guy found one on the history channel they made a program about it",1,"Yes, pictures with a riddle.  Some guy buried 13 boxes containing tokens across the us.. only 3were ever found.  The author since died.  The token can be brought to the authors surviving relative in exchange for a gem I think.  They were entrusted with this in his will apparently

One guy found one on the history channel they made a program about it"
1,2024-11-24 19:01:39,[Recipe here](https://blessmyfoodbypayal.com/orange-flavoured-rice-recipe/),1,[Recipe here](
2,2024-11-24 19:03:54,Would,0,Would
1,2024-11-24 18:38:44,"Chan's on KG and 12th in South Surrey, or try a fruiticana. The big box stores are quantity over quality but the smaller markets tend to have better and tastier varieties.",6,"Chan's on KG and 12th in South Surrey, or try a fruiticana. The big box stores are quantity over quality but the smaller markets tend to have better and tastier varieties."
2,2024-11-24 19:46:51,Kins in Walnut Grove has really good fruit. Much better than Fruiticana.,2,Kins in Walnut Grove has really good fruit. Much better than Fruiticana.
3,2024-11-24 19:20:28,Costco has some phenomenal satsumas right now,2,Costco has some phenomenal satsumas right now
4,2024-11-24 19:48:44,Blue Jay brand. I usually get them at Willowbrook Market.,2,Blue Jay brand. I usually get them at Willowbrook Market.
5,2024-11-24 19:29:20,"I avoid South African grown oranges after too many duds, especially disappointing with the prices of citrus fruits these days",1,"I avoid South African grown oranges after too many duds, especially disappointing with the prices of citrus fruits these days"
6,2024-11-24 20:02:44,Langley Farm Markets had some good (small sized) oranges,1,Langley Farm Markets had some good (small sized) oranges
7,2024-11-24 22:05:43,Costco has California navels right now.,1,Costco has California navels right now.
8,2024-11-24 22:24:39,There is a farmer in the parking lot of Fraser valley auctions every Saturday with really good fruit & veg for unbeatable pricing,1,There is a farmer in the parking lot of Fraser valley auctions every Saturday with really good fruit & veg for unbeatable pricing
9,2024-11-24 20:23:08,Fruit‚Äôs a gamble. I know that going in.,1,Fruit‚Äôs a gamble. I know that going in.
10,2024-11-24 20:30:46,"They don‚Äôt have a decent piece of fruit at the supermarket. The apples are mealy, the oranges are dry. I don‚Äôt know what‚Äôs going on with the Papayas!",2,"They don‚Äôt have a decent piece of fruit at the supermarket. The apples are mealy, the oranges are dry. I don‚Äôt know what‚Äôs going on with the Papayas!"
11,2024-11-24 21:16:14,"I know, I just keep losing and I'm tired of playing hahaha",1,"I know, I just keep losing and I'm tired of playing hahaha"
12,2024-11-24 21:40:26,Haven‚Äôt bought oranges here yet but I buy ambrosia apples and they are absolutely delicious.. Ralph‚Äôs farm market on Fraser hwy. Best apples I‚Äôve ever eaten,1,Haven‚Äôt bought oranges here yet but I buy ambrosia apples and they are absolutely delicious.. Ralph‚Äôs farm market on Fraser hwy. Best apples I‚Äôve ever eaten
1,2024-11-24 15:32:44,"He's not even communicating!

None of this is funny. None of this is cute.

https://preview.redd.it/l0iroi13cv2e1.jpeg?width=963&format=pjpg&auto=webp&s=c1a3fdfb0412c390593763f899a0044ced6eea00",95,"He's not even communicating!

None of this is funny. None of this is cute.

"
2,2024-11-24 16:49:01,"None of this is funny.

None of this is cute.

It degrates me.

It degrates us.",40,"None of this is funny.

None of this is cute.

It degrates me.

It degrates us."
3,2024-11-24 14:57:31,Oh this is wicked,30,Oh this is wicked
4,2024-11-24 15:31:06,god made me a man because he knew my pussy would be orange from all the carrots i eat,32,god made me a man because he knew my pussy would be orange from all the carrots i eat
5,2024-11-24 16:20:49,That carrot is erasing her,26,That carrot is erasing her
6,2024-11-24 16:46:40,So if you carrot find me,19,So if you carrot find me
7,2024-11-24 18:31:30,"My pussy tastes like Kevin the Carrot ü§≠ü•ï

My eyes are wide like cherry pies üòç

I got sweet taste for looking down the barrel of the camera to you, the viewer üëÅÔ∏èüëÑüëÅÔ∏è

It‚Äôs always been so it‚Äôs no surprise üôÅüòû",9,"My pussy tastes like Kevin the Carrot ü§≠ü•ï

My eyes are wide like cherry pies 

I got sweet taste for looking down the barrel of the camera to you, the viewer 

It‚Äôs always been so it‚Äôs no surprise "
8,2024-11-24 14:47:57,"Carotene in my hands

You make me mad, on fire again",9,"Carotene in my hands

You make me mad, on fire again"
9,2024-11-24 19:40:29,Lmfaoo,2,Lmfaoo
10,2024-11-24 15:40:41,Is this the sequel to lana‚Äôs cola from the perspective of her alligator husband?,18,Is this the sequel to lana‚Äôs cola from the perspective of her alligator husband?
1,2024-11-24 16:33:13,"I like it, because it looks red, but with a slightly different shade.

I like your handwriting too!",2,"I like it, because it looks red, but with a slightly different shade.

I like your handwriting too!"
2,2024-11-24 17:17:14,sick as writing,1,sick as writing
3,2024-11-24 19:21:22,I‚Äôm obsessed with orange inks and pens. I love how they look,1,I‚Äôm obsessed with orange inks and pens. I love how they look
4,2024-11-24 19:33:57,This ink is Pilot iroshizuku fuyu-gaki.,2,This ink is Pilot iroshizuku fuyu-gaki.
1,2024-11-24 13:09:23,"Gohan didn't die here, so Dende couldn't be triggered to use Orange.",182,"Gohan didn't die here, so Dende couldn't be triggered to use Orange."
2,2024-11-24 13:10:58,Come outside bro on dende we wont jump you,100,Come outside bro on dende we wont jump you
3,2024-11-24 12:57:46,Cause he‚Äôs stupid,103,Cause he‚Äôs stupid
4,2024-11-24 13:16:13,They don't call him little green for nothin,45,They don't call him little green for nothin
5,2024-11-24 13:30:50,Because he'd stop being Little Green and become Medium Orange,25,Because he'd stop being Little Green and become Medium Orange
6,2024-11-24 14:35:46,Better question: Why didn't he dodge?,13,Better question Why didn't he dodge?
7,2024-11-24 13:42:48,Cus he racist and hates orange ppl,20,Cus he racist and hates orange ppl
8,2024-11-24 13:26:20,he didnt get the Zenkai boost needed for that until the dragon was already alive and it made more sense just to leavesince Goku already went yellow by then.,5,he didnt get the Zenkai boost needed for that until the dragon was already alive and it made more sense just to leavesince Goku already went yellow by then.
9,2024-11-24 13:42:22,He didn't have enough Tang,6,He didn't have enough Tang
10,2024-11-24 13:39:58,Because green is a better color than orange,4,Because green is a better color than orange
11,2024-11-24 14:10:49,"Same reason why Super Kami Guru din't wish for it ,he desired all of his kids dead",3,"Same reason why Super Kami Guru din't wish for it ,he desired all of his kids dead"
12,2024-11-24 14:10:41,"He's a support class, not a fighter class.",5,"He's a support class, not a fighter class."
13,2024-11-24 16:15:43,They weren't that creatively bankrupt yet back then,3,They weren't that creatively bankrupt yet back then
14,2024-11-24 14:07:39,He needed to be big green,2,He needed to be big green
15,2024-11-24 15:04:19,Too lazy.,2,Too lazy.
16,2024-11-24 15:12:03,Cuz he's dead,2,Cuz he's dead
17,2024-11-24 15:24:03,"Dende didn't have that ""and a little bit more""",2,"Dende didn't have that ""and a little bit more"""
18,2024-11-24 15:41:09,Wake up dende.,2,Wake up dende.
19,2024-11-24 15:43:19,Shenron never gave him a little bonus,2,Shenron never gave him a little bonus
20,2024-11-24 15:45:47,He's too small :(,2,He's too small (
21,2024-11-24 16:25:29,Because Dende is of the Dragon clan and Piccolo is of the warrior clan. Duh‚Ä¶,2,Because Dende is of the Dragon clan and Piccolo is of the warrior clan. Duh‚Ä¶
22,2024-11-24 16:27:33,He wasn't one of Shenron's homies.,2,He wasn't one of Shenron's homies.
23,2024-11-24 16:54:17,"he did when he was exploding, but only for like half a second",2,"he did when he was exploding, but only for like half a second"
24,2024-11-24 19:51:36,he forgot his daily dose,2,he forgot his daily dose
25,2024-11-24 19:58:06,He's too young to play with (dragon) balls.,2,He's too young to play with (dragon) balls.
26,2024-11-24 21:31:52,He thought it was better being the white mage at the time. (Too bad frieza knew the D&D format),2,He thought it was better being the white mage at the time. (Too bad frieza knew the D&D format)
27,2024-11-24 14:02:30,"Piccolo and Gohan power pull is BS tbh I don't understand how they became as strong or stronger than Goku and Vegeta while they been training with gods

Also same applies for Broly",1,"Piccolo and Gohan power pull is BS tbh I don't understand how they became as strong or stronger than Goku and Vegeta while they been training with gods

Also same applies for Broly"
28,2024-11-24 16:07:57,"Shenron said something about the orange being a little something on the top, regarding the wish. So chances are that Picollo is the obly Namekian who can.",1,"Shenron said something about the orange being a little something on the top, regarding the wish. So chances are that Picollo is the obly Namekian who can."
29,2024-11-24 14:12:49,Didn't get shenron to awaken his full potential and add some more power on top of that,1,Didn't get shenron to awaken his full potential and add some more power on top of that
30,2024-11-24 15:47:33,It's called orange piccolo not orange dende or orange namekian. So who says every namekian goes orange??? Maybe dende is already green dende,1,It's called orange piccolo not orange dende or orange namekian. So who says every namekian goes orange??? Maybe dende is already green dende
31,2024-11-24 15:36:40,I swear on Super Kami Guru we aint gonna do nun,32,I swear on Super Kami Guru we aint gonna do nun
32,2024-11-24 17:36:44,Punctation should matter more here,9,Punctation should matter more here
33,2024-11-24 16:08:20,My name.. is Dend√©,16,My name.. is Dend√©
34,2024-11-24 15:41:30,He‚Äôs tired and needed a nap,4,He‚Äôs tired and needed a nap
35,2024-11-24 16:08:55,Because he wasn't trained to dodge unlike Gohan,4,Because he wasn't trained to dodge unlike Gohan
36,2024-11-24 16:26:02,"Didn't do the dodgball training. . If you can not dodge the wrench, you can not dodge ki blast.",1,"Didn't do the dodgball training. . If you can not dodge the wrench, you can not dodge ki blast."
37,2024-11-24 13:53:43,Holy shit real???? That's fucked up,15,Holy shit real???? That's fucked up
38,2024-11-24 17:37:42,was looking for the most based comment in the thread and i've finally found it,2,was looking for the most based comment in the thread and i've finally found it
39,2024-11-24 16:30:05,Little green,8,Little green
40,2024-11-24 14:01:28,Yup why you think Piccolo turned orange? Nope it ain't because if dragon gift or somethin Dende thought it was a debuff for piccolo but he's plan failed and you wanna know why he wanted to give THE GRILL MASTER a de-buff?,10,Yup why you think Piccolo turned orange? Nope it ain't because if dragon gift or somethin Dende thought it was a debuff for piccolo but he's plan failed and you wanna know why he wanted to give THE GRILL MASTER a de-buff?
41,2024-11-24 14:54:47,Cause he gay for gohan and hates that THE GRILL MASTER spends a lot of time with him he mught put a 1 2 on videl next who knows,3,Cause he gay for gohan and hates that THE GRILL MASTER spends a lot of time with him he mught put a 1 2 on videl next who knows
42,2024-11-24 17:11:51,Tf I just readüò≠üò≠,5,Tf I just read
43,2024-11-24 18:49:16,The TRUTH,3,The TRUTH
1,2024-11-24 16:51:21,I wanna hug him,1,I wanna hug him
1,2024-11-24 03:31:46,I love your color vibe!,15,I love your color vibe!
2,2024-11-24 04:23:38,"I was debating what to do next with my 45gal after everything in it passes because I want to do a specific theme or species. Orange shrimp and ember tetras is a neat way to go, I've got some orange nerites that'll probably still be around so I might put them in as well. I was thinking of doing pygmy gouramis but I've got a 16gal I plan on over planting and doing a group of 4 to 6 with 1-2 males and 3-4 females",13,"I was debating what to do next with my 45gal after everything in it passes because I want to do a specific theme or species. Orange shrimp and ember tetras is a neat way to go, I've got some orange nerites that'll probably still be around so I might put them in as well. I was thinking of doing pygmy gouramis but I've got a 16gal I plan on over planting and doing a group of 4 to 6 with 1-2 males and 3-4 females"
3,2024-11-24 04:47:09,"That‚Äôs a beautiful combination. I really didn‚Äôt expect fish to try to school with shrimp, that‚Äôs great!",5,"That‚Äôs a beautiful combination. I really didn‚Äôt expect fish to try to school with shrimp, that‚Äôs great!"
4,2024-11-24 03:32:08,Gorgeous,3,Gorgeous
5,2024-11-24 05:39:02,How orange are they?  I‚Äôm setting up a tank now with black substrate and I am getting  orange shrimp.,3,How orange are they?  I‚Äôm setting up a tank now with black substrate and I am getting  orange shrimp.
6,2024-11-24 05:44:02,What plant is that looking like asparagus fern?,2,What plant is that looking like asparagus fern?
7,2024-11-24 10:34:51,"Recently my husband found one very large orange neo shrimp in our big fish tank, it must have gotten there by accident with some plants I moved from my shrimp tank to the fish tank ... I decided to go along with it and put some more culled shrimp into the fish tank to keep the pioneer shrimp company. They seem happy enough but some of them have gotten so big that I'm almost afraid they will start to prey on the ember tetras ...",1,"Recently my husband found one very large orange neo shrimp in our big fish tank, it must have gotten there by accident with some plants I moved from my shrimp tank to the fish tank ... I decided to go along with it and put some more culled shrimp into the fish tank to keep the pioneer shrimp company. They seem happy enough but some of them have gotten so big that I'm almost afraid they will start to prey on the ember tetras ..."
8,2024-11-24 12:47:29,Your amano seems to be chilling quite well with them. Mine a. It more territorial. Don't even get me started once I put shrimp food,1,Your amano seems to be chilling quite well with them. Mine a. It more territorial. Don't even get me started once I put shrimp food
9,2024-11-24 17:46:44,What you really need is orange von Rio tetras.,1,What you really need is orange von Rio tetras.
10,2024-11-24 04:56:03,"Its really funny, i imagine it‚Äôs the fish equivalent of accidentally walking up to a random woman at the grocery store and calling her ‚Äúmom‚Äù lol",11,"Its really funny, i imagine it‚Äôs the fish equivalent of accidentally walking up to a random woman at the grocery store and calling her ‚Äúmom‚Äù lol"
11,2024-11-24 05:51:40,the shrimp? i feel like theyre more yellowy orange than traffic cone orange. i have like one or two males who i would actually consider orange orange. my colony is only about 3 or 4 months old so i dont think ive had enough generations to really get a deep orange color yet. as for the tetras theyre mostly see through with like two of them being straight up brown lol. im happy with both though.,4,the shrimp? i feel like theyre more yellowy orange than traffic cone orange. i have like one or two males who i would actually consider orange orange. my colony is only about 3 or 4 months old so i dont think ive had enough generations to really get a deep orange color yet. as for the tetras theyre mostly see through with like two of them being straight up brown lol. im happy with both though.
12,2024-11-24 05:48:16,"christmas moss, it grows like crazy in this tank lol",2,"christmas moss, it grows like crazy in this tank lol"
13,2024-11-24 15:17:06,"As long as they both get their hands on their own piece of food, everything can be peaceful‚Ä¶. But they have to get their own food first üò≠ I‚Äôve seen them snatch entire pellet wafers the size of their own bodies and steal them away to a private spot to eat. Can‚Äôt do wafers anymore because of them lol",1,"As long as they both get their hands on their own piece of food, everything can be peaceful‚Ä¶. But they have to get their own food first  I‚Äôve seen them snatch entire pellet wafers the size of their own bodies and steal them away to a private spot to eat. Can‚Äôt do wafers anymore because of them lol"
14,2024-11-24 05:16:40,"Ahaha true! I‚Äôm getting increasingly more tempted to try keeping fish with shrimp, the interactions look really fun to watch.",3,"Ahaha true! I‚Äôm getting increasingly more tempted to try keeping fish with shrimp, the interactions look really fun to watch."
1,2024-11-24 06:51:05,Beautiful ‚ô•Ô∏è,1,Beautiful 
1,2024-11-24 20:49:16, They are planning something using their collected brain cell power.,1, They are planning something using their collected brain cell power.
1,2024-11-24 19:03:36,[Recipe here](https://blessmyfoodbypayal.com/orange-flavoured-rice-recipe/),1,[Recipe here](
2,2024-11-24 21:25:26,"This looks so yummy!  I had lemon rice in India and I'll definitely be trying this recipe in the future, Thanks for sharing!",1,"This looks so yummy!  I had lemon rice in India and I'll definitely be trying this recipe in the future, Thanks for sharing!"
1,2024-11-24 08:14:01,Nice! 25/25 makes it cooler,1,Nice! 25/25 makes it cooler
2,2024-11-24 13:36:39,Bookend! Nice pull! ü§ô,1,Bookend! Nice pull! ü§ô
1,2024-11-24 13:33:59,"Thank you for posting to r/HeroForgeMinis!

If you want, you can reply below with a link to your creation so that other users can get a better look at your work. This is completely optional though, so if you'd prefer not to share anything then you can just ignore this comment.

Remember to always report users who break [Rule 4](https://www.reddit.com/r/HeroForgeMinis/wiki/introduction/#wiki_.2013_rule_4.3A_no_conflict_over_link_sharing_.2013)!


*I am a bot, and this action was performed automatically. Please [contact the moderators of this subreddit](/message/compose/?to=/r/HeroForgeMinis) if you have any questions or concerns.*",1,"Thank you for posting to r/HeroForgeMinis!

If you want, you can reply below with a link to your creation so that other users can get a better look at your work. This is completely optional though, so if you'd prefer not to share anything then you can just ignore this comment.

Remember to always report users who break [Rule 4](


*I am a bot, and this action was performed automatically. Please [contact the moderators of this subreddit](/message/compose/?to=/r/HeroForgeMinis) if you have any questions or concerns.*"
1,2024-11-24 09:11:09,That white cat looks like a 70-year-old alcoholic RDR2 character.,67,That white cat looks like a 70-year-old alcoholic RDR2 character.
2,2024-11-24 08:25:25,Bash has some old man tired eyes look going on. and I love it,26,Bash has some old man tired eyes look going on. and I love it
3,2024-11-24 07:22:51,Omg ü•∫ü•∫,6,Omg ü•∫ü•∫
4,2024-11-24 07:49:02,"Orange: ‚ÄòOMG ILUVU BROTHER LET ME GET A NIBBLE üëπ‚Äô 

ü§≠üß°

What an adorable duo! ü•∞‚ô•Ô∏è and bless the white kitty for his patience to this menace ü•πü§≠‚ô•Ô∏èüß°",7,"Orange ‚ÄòOMG ILUVU BROTHER LET ME GET A NIBBLE ‚Äô 

ü§≠üß°

What an adorable duo! ü•∞ and bless the white kitty for his patience to this menace ü•πü§≠üß°"
5,2024-11-24 07:29:41,he love white so much,3,he love white so much
6,2024-11-24 10:37:49,Bash has so much patience! And his eyes! Reminds me of Master Shifu.,1,Bash has so much patience! And his eyes! Reminds me of Master Shifu.
7,2024-11-24 19:02:12,Darth vader when the mask came off..,1,Darth vader when the mask came off..
8,2024-11-24 09:52:53,That white cat looks sick as fuck,1,That white cat looks sick as fuck
9,2024-11-24 15:44:07,He looks like The Godfather.,8,He looks like The Godfather.
10,2024-11-24 11:06:19,Looks like Wilfred brimley when someone hides his diabeetus meds on him,10,Looks like Wilfred brimley when someone hides his diabeetus meds on him
11,2024-11-24 10:43:43,That's orange's Italian Mafia grandfather.,7,That's orange's Italian Mafia grandfather.
12,2024-11-24 07:55:50,Yes. He‚Äôs so patient with his little bro ü§ó,3,Yes. He‚Äôs so patient with his little bro ü§ó
13,2024-11-24 07:34:36,"Yas, but white‚Äôs too meh for playing hahaha",5,"Yas, but white‚Äôs too meh for playing hahaha"
14,2024-11-24 10:26:24,He's not sick. Haven't wiped his eye stains yet when I caught them on video.,2,He's not sick. Haven't wiped his eye stains yet when I caught them on video.
15,2024-11-24 19:23:11,Too dignified!,1,Too dignified!
16,2024-11-24 11:45:49,"I think he meant ""sick"" in a good way, like ""cool"" or ""rad.""",3,"I think he meant ""sick"" in a good way, like ""cool"" or ""rad."""
17,2024-11-24 13:08:18,Oh,1,Oh
1,2024-11-24 21:32:31,"Due to potential spoilers, all posts have been automatically tagged for spoilers until the 24 hour spoiler window has passed.  
**Removing the automatic spoiler tag can result in your submission being removed and a ban.**  
If your **post title** contains spoilers that the spoiler filter cannot resolve, your submission may be removed by the moderation team and you may be banned. Please be respectful of your fellow fans. 

Please read the [subreddit rules](https://www.reddit.com/r/AEWOfficial/wiki/rules/) for more information.


*I am a bot, and this action was performed automatically. Please [contact the moderators of this subreddit](/message/compose/?to=/r/AEWOfficial) if you have any questions or concerns.*",1,"Due to potential spoilers, all posts have been automatically tagged for spoilers until the 24 hour spoiler window has passed.  
**Removing the automatic spoiler tag can result in your submission being removed and a ban.**  
If your **post title** contains spoilers that the spoiler filter cannot resolve, your submission may be removed by the moderation team and you may be banned. Please be respectful of your fellow fans. 

Please read the [subreddit rules]( for more information.


*I am a bot, and this action was performed automatically. Please [contact the moderators of this subreddit](/message/compose/?to=/r/AEWOfficial) if you have any questions or concerns.*"
2,2024-11-24 21:47:29,Every match they've had I've loved which is funny considering they couldn't possibly be more different characters or styles of wrestlers.,9,Every match they've had I've loved which is funny considering they couldn't possibly be more different characters or styles of wrestlers.
3,2024-11-24 22:30:14,"I was honestly nervous before the match, and ended up enjoying it. I was legit angry when Yuta cheated to help Mox win.¬†",6,"I was honestly nervous before the match, and ended up enjoying it. I was legit angry when Yuta cheated to help Mox win.¬†"
4,2024-11-24 22:36:53,The bit where mox threw orange into the steps and it left a big red splatter where his head hit was pretty visceral.,6,The bit where mox threw orange into the steps and it left a big red splatter where his head hit was pretty visceral.
5,2024-11-24 22:59:04,"I was really sad going in knowing OC wouldn't win, but they booked it really well. The relentless offence from OC & fake out with the case were really edge of the seat stuff.",5,"I was really sad going in knowing OC wouldn't win, but they booked it really well. The relentless offence from OC & fake out with the case were really edge of the seat stuff."
6,2024-11-24 22:52:04,I never bite on stuff (not bragging about it usually I can just tell when it‚Äôs not the finish) and I genuinely thought OC had it won when he hit Mox with the briefcase.,3,I never bite on stuff (not bragging about it usually I can just tell when it‚Äôs not the finish) and I genuinely thought OC had it won when he hit Mox with the briefcase.
7,2024-11-24 22:52:44,It also felt so different from every other match last night which was brilliantly laid out. But that's such a good point you make. They have excellent chemistry.,3,It also felt so different from every other match last night which was brilliantly laid out. But that's such a good point you make. They have excellent chemistry.
8,2024-11-24 22:52:12,Mox rubbing some blood on Marina üòÇüò¨,4,Mox rubbing some blood on Marina 
9,2024-11-24 23:10:20,Yeah I've been watching these pay per views for a while now so I've gotten used to AEWs violence but that spot made me actually reel back in shock,2,Yeah I've been watching these pay per views for a while now so I've gotten used to AEWs violence but that spot made me actually reel back in shock
10,2024-11-24 23:21:40,"It's also great because every time, they have a completely different match despite maintaining the exact same dynamic.

And it's even better because it confirms that Jon Moxley cannot defeat full-power Orange Cassidy. He can ragdoll the man and bleed him like a stuck pig but he can't *beat* him. He either needs help from his minions or OC needs to be so run down that he risks falling apart when the bell rings.

ETA: Also? Mox has never stuck around to celebrate a win over OC. He *always* runs away with his tail between his legs because he knows he's a marked man and he can't back up his bullshit against AEW's most lethal joke character.",2,"It's also great because every time, they have a completely different match despite maintaining the exact same dynamic.

And it's even better because it confirms that Jon Moxley cannot defeat full-power Orange Cassidy. He can ragdoll the man and bleed him like a stuck pig but he can't *beat* him. He either needs help from his minions or OC needs to be so run down that he risks falling apart when the bell rings.

ETA Also? Mox has never stuck around to celebrate a win over OC. He *always* runs away with his tail between his legs because he knows he's a marked man and he can't back up his bullshit against AEW's most lethal joke character."
11,2024-11-24 23:23:21,Oh my god yesssssss,2,Oh my god yesssssss
1,2024-11-24 16:04:32,"# Make sure to mark your post as spoiler if it spoils manga/anime. Members if you find the post to be breaking any sub rule please bring it to our attention by reporting it.

*I am a bot, and this action was performed automatically. Please [contact the moderators of this subreddit](/message/compose/?to=/r/MemePiece) if you have any questions or concerns.*",1," Make sure to mark your post as spoiler if it spoils manga/anime. Members if you find the post to be breaking any sub rule please bring it to our attention by reporting it.

*I am a bot, and this action was performed automatically. Please [contact the moderators of this subreddit](/message/compose/?to=/r/MemePiece) if you have any questions or concerns.*"
2,2024-11-24 16:15:36,Oda foreskinning again üòçüòç,148,Oda foreskinning again 
3,2024-11-24 16:29:08,Orange peel is doing something else,59,Orange peel is doing something else
4,2024-11-24 16:37:09,https://preview.redd.it/y8bg53qknv2e1.png?width=225&format=pjpg&auto=webp&s=e74962fb1afefd89b25c61436546cb80486daa9b,39,
5,2024-11-24 16:37:12,HES JORKING ITTTTT,33,HES JORKING ITTTTT
6,2024-11-24 16:36:04,https://preview.redd.it/09oxnxndnv2e1.png?width=329&format=pjpg&auto=webp&s=b746d478b5fe9e6b6fb766db28bb886e2742a077,15,
7,2024-11-24 16:35:20,https://preview.redd.it/ywmj45g8nv2e1.png?width=720&format=pjpg&auto=webp&s=4c5598f2c32e20d267e4d690f6d4429e98be2b5b,13,
8,2024-11-24 17:14:35,It kinda looks like he is masterbating but ok,16,It kinda looks like he is masterbating but ok
9,2024-11-24 16:28:21,Average sweet pea moment,4,Average sweet pea moment
10,2024-11-24 17:27:31,https://preview.redd.it/tidlxpvjwv2e1.png?width=550&format=pjpg&auto=webp&s=9e507debe5ba31ef6f1f308738987a0893dd69da,6,
11,2024-11-24 17:07:34,![gif](giphy|cJMlR1SsCSkUjVY3iK|downsized),6,![gif](giphy|cJMlR1SsCSkUjVY3iK|downsized)
12,2024-11-24 18:57:06,When you're truly free you can do that anywhere you want,5,When you're truly free you can do that anywhere you want
13,2024-11-24 17:11:10,![gif](giphy|cJMlR1SsCSkUjVY3iK|downsized),4,![gif](giphy|cJMlR1SsCSkUjVY3iK|downsized)
14,2024-11-24 18:41:01,"https://preview.redd.it/i7v12yrn9w2e1.png?width=1080&format=pjpg&auto=webp&s=76039c2bb95998eebcca28f910e054c9d9998d65

What is this",5,"

What is this"
15,2024-11-24 16:56:14,https://preview.redd.it/tu08dl6zqv2e1.jpeg?width=550&format=pjpg&auto=webp&s=cd6e9a1449129031f0a0e4f82b6791eee5ced37a,3,
16,2024-11-24 18:17:02,We need this to be in the show. Have Nami eat a tangerine and this be the skin result.,3,We need this to be in the show. Have Nami eat a tangerine and this be the skin result.
17,2024-11-24 16:16:02,Bless your innocent soul,4,Bless your innocent soul
18,2024-11-24 18:34:02,![gif](giphy|gd09Y2Ptu7gsiPVUrv|downsized),2,![gif](giphy|gd09Y2Ptu7gsiPVUrv|downsized)
19,2024-11-24 18:39:20,https://preview.redd.it/5kn9uwgd9w2e1.jpeg?width=640&format=pjpg&auto=webp&s=3a7d64ad8809b5729a8fd2acbd39e8db1e39daa4,2,
20,2024-11-24 20:13:28,https://preview.redd.it/j04zllw5qw2e1.jpeg?width=828&format=pjpg&auto=webp&s=2b01e60a196d93c3ccb6768b4a79b9e61074c2b1,2,
21,2024-11-24 21:37:25,https://preview.redd.it/be02nd755x2e1.jpeg?width=1170&format=pjpg&auto=webp&s=71602ad53abbf1ab31b772e325f2eae7341f9e61,2,
22,2024-11-24 20:22:21,"you see its funny because of sex

https://preview.redd.it/9vlvf94qrw2e1.png?width=640&format=png&auto=webp&s=34fd94330a148f9e425b12ea59b55ef8398d33dc",1,"you see its funny because of sex

"
23,2024-11-24 22:04:59,6 days left too,1,6 days left too
24,2024-11-24 16:15:57,"Your comment would make my skin crawl, but I don't have any skin YOHOHOHOHO",35,"Your comment would make my skin crawl, but I don't have any skin YOHOHOHOHO"
25,2024-11-24 16:46:39,https://preview.redd.it/8v152vp9pv2e1.png?width=1080&format=pjpg&auto=webp&s=e63b92e965338952215a6c4b9b6e4c296838c7d9,12,
26,2024-11-24 18:11:26,You don't say,13,You don't say
27,2024-11-24 18:17:14,"Your comment would make my skin crawl, but I don't have any skin YOHOHOHOHO",1,"Your comment would make my skin crawl, but I don't have any skin YOHOHOHOHO"
28,2024-11-24 19:08:09,Reply if you eat foreskin,9,Reply if you eat foreskin
29,2024-11-24 19:08:35,"Your comment would make my skin crawl, but I don't have any skin YOHOHOHOHO",9,"Your comment would make my skin crawl, but I don't have any skin YOHOHOHOHO"
30,2024-11-24 20:16:07,Yummers,7,Yummers
1,2024-11-24 17:40:53,I hope this is not true. there will be nothing left that‚Äôs ‚ÄúElite‚Äù,8,I hope this is not true. there will be nothing left that‚Äôs ‚ÄúElite‚Äù
2,2024-11-24 20:06:41,This is what implosion looks like before you go out of business!,8,This is what implosion looks like before you go out of business!
3,2024-11-24 17:38:53,Just got the call about orange theory as well. It‚Äôs insane,3,Just got the call about orange theory as well. It‚Äôs insane
4,2024-11-24 17:35:56,"I‚Äôm so glad I found this community. I was so set on getting OnePass. Now, I‚Äôm just gonna wait till Jan 1 to see if it‚Äôs worth it.",4,"I‚Äôm so glad I found this community. I was so set on getting OnePass. Now, I‚Äôm just gonna wait till Jan 1 to see if it‚Äôs worth it."
5,2024-11-24 18:15:45,A lot of life times are not going to be included next year too. Haven‚Äôt heard anything from one pass.,2,A lot of life times are not going to be included next year too. Haven‚Äôt heard anything from one pass.
6,2024-11-24 18:12:34,is this all orange theorys?,1,is this all orange theorys?
7,2024-11-24 19:01:07,I have heard mixed messages about whether CP is staying of going. I know they are leaving renew active but it‚Äôs unclear if it applies to one pass too.,1,I have heard mixed messages about whether CP is staying of going. I know they are leaving renew active but it‚Äôs unclear if it applies to one pass too.
8,2024-11-24 20:44:25,Is aaptiv the same?,1,Is aaptiv the same?
9,2024-11-24 22:07:23,"The point is to keep changing your company/Health insurance while rubbing us from our benefits.

I told ya all to stand up with us with the Lifetime leaving..I guess no one cared‚Ä¶",1,"The point is to keep changing your company/Health insurance while rubbing us from our benefits.

I told ya all to stand up with us with the Lifetime leaving..I guess no one cared‚Ä¶"
10,2024-11-24 17:57:30,I can't understand why they think we'll stay subscribed if none of the gyms we want are available,3,I can't understand why they think we'll stay subscribed if none of the gyms we want are available
11,2024-11-24 18:18:13,"Not sure, I'm located in DC",5,"Not sure, I'm located in DC"
12,2024-11-24 19:15:03,One pass and CP relationship is still good from my research,2,One pass and CP relationship is still good from my research
13,2024-11-24 21:05:39,"Glad to hear it, did you call onepass or talk to your studio or both? It‚Äôs on my list to figure it out next week for sure otherwise I‚Äôll cancel one pass",1,"Glad to hear it, did you call onepass or talk to your studio or both? It‚Äôs on my list to figure it out next week for sure otherwise I‚Äôll cancel one pass"
1,2024-11-24 11:55:45,"**Reminder: THIS IS A CAT PHOTO SUBREDDIT, NOT A GENERAL CAT DISCUSSION SUBREDDIT. With that in mind, visitors, read the revised subreddit rules, please.**
**For OP:** Post pictures or videos of your own cats or cats found in your immediate surroundings as long as you actually took the photo. Do not reveal private / person-identifiable information. Blur / hide faces in the photo completely.
You may request advice or help but standalone posts must have safe-for-work cat photo and is non-monetary or business or breeding-related. For these, please leave a comment in our weekly discussion thread or use r/phclassifieds instead. Moderators have the right to approve or take down posts depending on the content and reports by fellow redditors.
Karma farmers, trolls and bots are not allowed here. The mods have the right to take down posts by possible bots, troll, karma farmers. Feel free to reach out if we have taken your post by mistake.Please take note our subreddit autofilters posts by newly created accounts or with very low karma points as safeguard. Please engage more with our various subreddits to increase your karma and your credibility as a genuine person.
**For commenting redditors:** Do not harass the OP and their pet. Do not be toxic. Keep it civil. Be careful with the comments and jokes. Only send a report if you believe a violation of rules took place. Thank you.

*I am a bot, and this action was performed automatically. Please [contact the moderators of this subreddit](/message/compose/?to=/r/catsofrph) if you have any questions or concerns.*",1,"**Reminder THIS IS A CAT PHOTO SUBREDDIT, NOT A GENERAL CAT DISCUSSION SUBREDDIT. With that in mind, visitors, read the revised subreddit rules, please.**
**For OP** Post pictures or videos of your own cats or cats found in your immediate surroundings as long as you actually took the photo. Do not reveal private / person-identifiable information. Blur / hide faces in the photo completely.
You may request advice or help but standalone posts must have safe-for-work cat photo and is non-monetary or business or breeding-related. For these, please leave a comment in our weekly discussion thread or use r/phclassifieds instead. Moderators have the right to approve or take down posts depending on the content and reports by fellow redditors.
Karma farmers, trolls and bots are not allowed here. The mods have the right to take down posts by possible bots, troll, karma farmers. Feel free to reach out if we have taken your post by mistake.Please take note our subreddit autofilters posts by newly created accounts or with very low karma points as safeguard. Please engage more with our various subreddits to increase your karma and your credibility as a genuine person.
**For commenting redditors** Do not harass the OP and their pet. Do not be toxic. Keep it civil. Be careful with the comments and jokes. Only send a report if you believe a violation of rules took place. Thank you.

*I am a bot, and this action was performed automatically. Please [contact the moderators of this subreddit](/message/compose/?to=/r/catsofrph) if you have any questions or concerns.*"
1,2024-11-24 13:34:41,That looks yummy. I wish the recipe was included.  üòã,2,That looks yummy. I wish the recipe was included.  
2,2024-11-24 17:06:44,Terry's chocolate orange!,2,Terry's chocolate orange!
3,2024-11-24 13:32:34,[removed],1,[removed]
4,2024-11-24 17:53:05,Give me a piece!,1,Give me a piece!
5,2024-11-24 18:53:02,Looks delish. Now i want to make chocolate orange shortbread....,1,Looks delish. Now i want to make chocolate orange shortbread....
6,2024-11-24 13:32:36,"Your submission has been automatically removed due account needs to be greater than 35 days. Spam prevention - nothing personal. Please message mods to post.

*I am a bot, and this action was performed automatically. Please [contact the moderators of this subreddit](/message/compose/?to=/r/pastry) if you have any questions or concerns.*",1,"Your submission has been automatically removed due account needs to be greater than 35 days. Spam prevention - nothing personal. Please message mods to post.

*I am a bot, and this action was performed automatically. Please [contact the moderators of this subreddit](/message/compose/?to=/r/pastry) if you have any questions or concerns.*"
1,2024-11-23 18:41:05,Definitely orange car,4,Definitely orange car
2,2024-11-23 15:49:58,"My AutoCorrect has gotten extra terrible lately.

No, Steeve, I rarely ever want to talk about a car. It is 99% certainly gonna be a cat, yet I have to go back and change car to cat like 5 times. 

Cute baby ü•∞ üß°",3,"My AutoCorrect has gotten extra terrible lately.

No, Steeve, I rarely ever want to talk about a car. It is 99% certainly gonna be a cat, yet I have to go back and change car to cat like 5 times. 

Cute baby ü•∞ üß°"
3,2024-11-23 20:53:20,purring like a Jaguar,1,purring like a Jaguar
4,2024-11-23 20:59:58,Orange stripes!,1,Orange stripes!
5,2024-11-24 10:42:08,Cute!,1,Cute!
1,2024-11-24 19:32:25,"El Way is Spanish for ‚Äúthe way.‚Äù 

It‚Äôs a Venezuelan horse cult.",64,"El Way is Spanish for ‚Äúthe way.‚Äù 

It‚Äôs a Venezuelan horse cult."
2,2024-11-24 19:50:36,Escaped convicts. Be careful or there!,16,Escaped convicts. Be careful or there!
3,2024-11-24 19:40:33,When guy hit guy make brain go haha have fun,21,When guy hit guy make brain go haha have fun
4,2024-11-24 19:41:53,There is a street repair project every block.,6,There is a street repair project every block.
5,2024-11-24 21:08:12,"Those are church clothes, SMH.¬†


I am praying for you.",4,"Those are church clothes, SMH.¬†


I am praying for you."
6,2024-11-24 21:08:48,"Jailhouse orange. It was the new black at one point, but I don't know if that's still true.",3,"Jailhouse orange. It was the new black at one point, but I don't know if that's still true."
7,2024-11-24 20:30:28,Raider hater cult.,3,Raider hater cult.
8,2024-11-24 20:59:23,Butt stuff tent built on i-25. Using name tags for all the new people.,3,Butt stuff tent built on i-25. Using name tags for all the new people.
9,2024-11-24 21:19:14,Hunting season.  Blaze orange because to deer and pheasant that is camouflage.,3,Hunting season.  Blaze orange because to deer and pheasant that is camouflage.
10,2024-11-24 20:07:32,Beastiality Pride Day üê¥üåà,4,Beastiality Pride Day 
11,2024-11-24 20:40:53,"Since Trump won, all illegals are wearing orange colors to escape the deportation force. Do a citizen arrest if you see anyone wearing Orange and call Bobo.",5,"Since Trump won, all illegals are wearing orange colors to escape the deportation force. Do a citizen arrest if you see anyone wearing Orange and call Bobo."
12,2024-11-24 22:28:02,"They are fans of Max Verstappen who won his 4th World Drivers Championship in F1 this morning. ""El Way"" is a nod to Fernando Alonso's ""El Plan"" which Verstappen destroyed with his win. Namaste",1,"They are fans of Max Verstappen who won his 4th World Drivers Championship in F1 this morning. ""El Way"" is a nod to Fernando Alonso's ""El Plan"" which Verstappen destroyed with his win. Namaste"
13,2024-11-24 22:32:25,"idk but I overheard one of them speaking of a ""pig's skin""

  
very culty indeed",1,"idk but I overheard one of them speaking of a ""pig's skin""

  
very culty indeed"
14,2024-11-24 23:06:32,"It‚Äôs in solidarity with the original, the one and only, orange Butt Stuff Tent.",1,"It‚Äôs in solidarity with the original, the one and only, orange Butt Stuff Tent."
15,2024-11-24 19:36:27,Tribalism,1,Tribalism
16,2024-11-24 19:35:53,They must really love their horses,13,They must really love their horses
17,2024-11-24 20:03:48,That explains why they all look so sketch,7,That explains why they all look so sketch
18,2024-11-24 19:45:46,"So, it's the concussion club. Got it.",6,"So, it's the concussion club. Got it."
19,2024-11-24 19:48:58,Surprised they're working so hard on a Sunday.,7,Surprised they're working so hard on a Sunday.
20,2024-11-24 21:31:24,"Ah. I'd like to know more about this religion. I've been told they worship a ""Blucifer"" and organize in tents?",2,"Ah. I'd like to know more about this religion. I've been told they worship a ""Blucifer"" and organize in tents?"
21,2024-11-24 20:35:52,I think that includes the people wearing the raider jerseys as well,2,I think that includes the people wearing the raider jerseys as well
22,2024-11-24 20:28:02,Oh cool! Is there also a festival or parade?,2,Oh cool! Is there also a festival or parade?
23,2024-11-24 21:29:10,"Oh boy, I'm gonna need some backup",5,"Oh boy, I'm gonna need some backup"
24,2024-11-24 19:41:32,Church must have just let out,1,Church must have just let out
25,2024-11-24 19:42:09,"All Hail Blucifer, the harbinger of death!",20,"All Hail Blucifer, the harbinger of death!"
26,2024-11-24 22:37:07,"The first rule of concussion club is‚Ä¶ wait, what were we talking about?",3,"The first rule of concussion club is‚Ä¶ wait, what were we talking about?"
27,2024-11-24 20:53:27,Just because they‚Äôre getting paid double time today doesn‚Äôt mean they‚Äôre working.,7,Just because they‚Äôre getting paid double time today doesn‚Äôt mean they‚Äôre working.
1,2024-11-24 08:23:04,Itna purana meme ab post karte hue sharam nhi aayi,6,Itna purana meme ab post karte hue sharam nhi aayi
2,2024-11-24 09:51:45,Suhana khan kya karhi sabke bich?,1,Suhana khan kya karhi sabke bich?
3,2024-11-24 18:20:38,Majaaaaaaaa agya bhai,1,Majaaaaaaaa agya bhai
1,2024-11-23 23:33:56,I have the same one. I also have it in stainless,2,I have the same one. I also have it in stainless
2,2024-11-24 07:22:53,How is the screen light so nice? Mod or filter?,2,How is the screen light so nice? Mod or filter?
3,2024-11-24 08:40:46,Hi. The module is standard just in a SKX Mod case.,1,Hi. The module is standard just in a SKX Mod case.
1,2024-11-24 18:12:27,Hey I'm in that photo.,3,Hey I'm in that photo.
2,2024-11-24 18:51:11,"Me too! Only, you can't see me.",1,"Me too! Only, you can't see me."
1,2024-11-24 08:26:43,"Wow! Is it modded, or is this the original light of the AE-1200WHL-5AV?",2,"Wow! Is it modded, or is this the original light of the AE-1200WHL-5AV?"
2,2024-11-24 08:41:35,Hi. It‚Äôs standard just in a SKX Mod case.,2,Hi. It‚Äôs standard just in a SKX Mod case.
1,2024-11-24 23:02:55,Hahahahah the best compilation forever!,2,Hahahahah the best compilation forever!
2,2024-11-24 23:18:53,Is beautiful üß°,1,Is beautiful üß°
3,2024-11-24 23:05:57,Orange is the best decision,3,Orange is the best decision
4,2024-11-24 23:08:29,ü•πüêà,1,ü•π
1,2024-11-24 19:04:12,"#**Welcome to r/EatCheapAndVegan.**
**Veganism is not a diet**. However, there is a ton of misinformation and misunderstanding about the cost of **eating vegan** and this subreddit exists to hopefully dispell those false claims. Be advised submissions containing expensive processed food items will be removed.



**Definition of veganism:** *Veganism is a philosophy and way of living which seeks to exclude‚Äîas far as is possible and practicable‚Äîall forms of exploitation of, and cruelty to, animals for food, clothing or any other purpose; and by extension, promotes the development and use of animal-free alternatives for the benefit of animals, humans and the environment. In dietary terms it denotes the practice of dispensing with all products derived wholly or partly from animals.*



**Quick links for anyone who is interested in becoming vegan or even just plant based:**

+ [Beginners guide to veganism and FAQ from r/vegan](https://www.reddit.com/r/vegan/wiki/beginnersguide)
+ [Beginners guide to eating a WFPB diet](https://www.forksoverknives.com/how-tos/plant-based-primer-beginners-guide-starting-plant-based-diet/)
+ https://nutritionfacts.org/



##[**READ OUR RULES**](https://old.reddit.com/r/EatCheapAndVegan/about/rules/)



*If you have any suggestions on helpful links to add to this automated message, please [reach out to the mods here](https://old.reddit.com/message/compose/?to=/r/EatCheapAndVegan)*.

*I am a bot, and this action was performed automatically. Please [contact the moderators of this subreddit](/message/compose/?to=/r/EatCheapAndVegan) if you have any questions or concerns.*",1,"**Welcome to r/EatCheapAndVegan.**
**Veganism is not a diet**. However, there is a ton of misinformation and misunderstanding about the cost of **eating vegan** and this subreddit exists to hopefully dispell those false claims. Be advised submissions containing expensive processed food items will be removed.



**Definition of veganism** *Veganism is a philosophy and way of living which seeks to exclude‚Äîas far as is possible and practicable‚Äîall forms of exploitation of, and cruelty to, animals for food, clothing or any other purpose; and by extension, promotes the development and use of animal-free alternatives for the benefit of animals, humans and the environment. In dietary terms it denotes the practice of dispensing with all products derived wholly or partly from animals.*



**Quick links for anyone who is interested in becoming vegan or even just plant based**

+ [Beginners guide to veganism and FAQ from r/vegan](
+ [Beginners guide to eating a WFPB diet](
+ 



[**READ OUR RULES**](



*If you have any suggestions on helpful links to add to this automated message, please [reach out to the mods here](

*I am a bot, and this action was performed automatically. Please [contact the moderators of this subreddit](/message/compose/?to=/r/EatCheapAndVegan) if you have any questions or concerns.*"
2,2024-11-24 19:04:25,[recipe here](https://blessmyfoodbypayal.com/orange-flavoured-rice-recipe/),1,[recipe here](
1,2024-11-24 15:50:18,"That‚Äôs them‚Ä¶
We see them daily now just about. 
Try connecting with your mind,
I have discovered they are something like telepathic",10,"That‚Äôs them‚Ä¶
We see them daily now just about. 
Try connecting with your mind,
I have discovered they are something like telepathic"
2,2024-11-24 15:41:33,This is the same orb description Chris Bledsoe has described,5,This is the same orb description Chris Bledsoe has described
3,2024-11-24 16:29:57,"Okay I don‚Äôt know if was tripping but I‚Äôm in East California and I saw something like this last night 

It then poofed/turned off out of existence once it reached a certain height  

Almost as if it faded into reality itself.",4,"Okay I don‚Äôt know if was tripping but I‚Äôm in East California and I saw something like this last night 

It then poofed/turned off out of existence once it reached a certain height  

Almost as if it faded into reality itself."
4,2024-11-24 16:37:13,I see these orange orbs a lot here in Brazil,2,I see these orange orbs a lot here in Brazil
5,2024-11-24 17:53:09,Could this be Starlink satellites?,2,Could this be Starlink satellites?
6,2024-11-24 16:57:49,"I see them sometimes. Last time was after I rescued a fledgling bird.

One was visible, then another popped into visibility, then a third seemingly popped out of thin air and became visible, they danced around in odd patterns for awhile before they drifted upward and got lost in some wispy clouds rolling by.",1,"I see them sometimes. Last time was after I rescued a fledgling bird.

One was visible, then another popped into visibility, then a third seemingly popped out of thin air and became visible, they danced around in odd patterns for awhile before they drifted upward and got lost in some wispy clouds rolling by."
7,2024-11-24 21:48:46,"I have seen these a few times now, out in my backyard with my dog at night. The most recent one appeared directly above me, as I was staring up at the stars on a beautiful clear night. It just arrived, and it blinked its light slowly on, off, on, off, on, off... and then it vanished as silently and suddenly as it'd appeared. It felt so deliberate, like it was there for me.",1,"I have seen these a few times now, out in my backyard with my dog at night. The most recent one appeared directly above me, as I was staring up at the stars on a beautiful clear night. It just arrived, and it blinked its light slowly on, off, on, off, on, off... and then it vanished as silently and suddenly as it'd appeared. It felt so deliberate, like it was there for me."
8,2024-11-24 18:30:08,"It's the Holy Spirit letting us know that ""Jesus"" will be coming back for us *soon*",0,"It's the Holy Spirit letting us know that ""Jesus"" will be coming back for us *soon*"
9,2024-11-24 18:50:20,This is a satellite or the iss. I find them all the time with apps on my phone.,-2,This is a satellite or the iss. I find them all the time with apps on my phone.
10,2024-11-24 16:32:48,"Bledsoe says the same, he's in telepathic communication with them.  In [his Instagram videos](https://www.instagram.com/christopherlentzbledsoe?igsh=MzRlODBiNWFlZA==) he's constantly talking to them, saying ""Thank you."" 

I believe he says it out loud so the viewers will know what's happening.

Have you received any specific messages from them?",2,"Bledsoe says the same, he's in telepathic communication with them.  In [his Instagram videos]( he's constantly talking to them, saying ""Thank you."" 

I believe he says it out loud so the viewers will know what's happening.

Have you received any specific messages from them?"
11,2024-11-24 15:50:33,It sure is..,3,It sure is..
1,2024-11-24 04:07:32,I'm gonna say it.,1,I'm gonna say it.
2,2024-11-24 04:22:57,Juicy,1,Juicy
3,2024-11-24 04:48:16,https://preview.redd.it/dwp8mkk35s2e1.jpeg?width=750&format=pjpg&auto=webp&s=980d7e66b661af67c742dca2d0aaa3d0b37dd269,1,
4,2024-11-24 04:08:13,Go ahead,2,Go ahead
5,2024-11-24 04:08:27,FACE THE LEAD!,2,FACE THE LEAD!
6,2024-11-24 04:26:52,https://preview.redd.it/irs9by8a1s2e1.png?width=572&format=png&auto=webp&s=2a5c6316517e5dd697aaa35e3c836f67da41d6f9,1,
1,2024-11-24 18:22:48,"Thanks for posting in r/Drueandgabe! Please take a moment to read our Rules which can be found in the sidebar of the Subreddit.

Please also remember to report any rule-breaking comments or posts.

Happy snarking, cutesy faceless trolls!


*I am a bot, and this action was performed automatically. Please [contact the moderators of this subreddit](/message/compose/?to=/r/Drueandgabe) if you have any questions or concerns.*",1,"Thanks for posting in r/Drueandgabe! Please take a moment to read our Rules which can be found in the sidebar of the Subreddit.

Please also remember to report any rule-breaking comments or posts.

Happy snarking, cutesy faceless trolls!


*I am a bot, and this action was performed automatically. Please [contact the moderators of this subreddit](/message/compose/?to=/r/Drueandgabe) if you have any questions or concerns.*"
2,2024-11-24 18:39:00,"https://preview.redd.it/pz5snfe89w2e1.jpeg?width=1290&format=pjpg&auto=webp&s=b47ab6efd6296c341d11985984201d977ea747a2

Imagine being unemployed and still too lazy to get a produce bag and put a few sweet potatoes in it ü§¶‚Äç‚ôÄÔ∏è",116,"

Imagine being unemployed and still too lazy to get a produce bag and put a few sweet potatoes in it ü§¶"
3,2024-11-24 18:39:23,i don‚Äôt understand some people‚Ä¶ like just buy a bag of sweet potatoes‚Ä¶,77,i don‚Äôt understand some people‚Ä¶ like just buy a bag of sweet potatoes‚Ä¶
4,2024-11-24 18:42:29,I wish I had time to cook everyone‚Äôs thanksgiving dinner including sides and desserts with a 3 month old. Also be able to squeeze in a nap because it‚Äôs Sunday.,57,I wish I had time to cook everyone‚Äôs thanksgiving dinner including sides and desserts with a 3 month old. Also be able to squeeze in a nap because it‚Äôs Sunday.
5,2024-11-24 18:42:07,What kind of donut would want to try something she made? I‚Äôd trust my cat to make something more appetizing.,22,What kind of donut would want to try something she made? I‚Äôd trust my cat to make something more appetizing.
6,2024-11-24 18:50:32,"I do not get it. In one picture I see cut onions in a container.¬† I'm only judging her. But goodness,¬† she can't cut up a .69 onion??",19,"I do not get it. In one picture I see cut onions in a container.¬† I'm only judging her. But goodness,¬† she can't cut up a .69 onion??"
7,2024-11-24 19:20:19,People can‚Äôt figure out serving sizes? And she thinks everyone has the same brand of the product?,8,People can‚Äôt figure out serving sizes? And she thinks everyone has the same brand of the product?
8,2024-11-24 19:34:35,"Oh, THOSE! YES, in the orange bag! ( slaps forehead)",3,"Oh, THOSE! YES, in the orange bag! ( slaps forehead)"
9,2024-11-24 18:58:41,"i was just thinking this. we had thanksgiving today and my toddlers are allergic to dairy, i had to make a whole separate meal for them to take with us and i was telling my husband i was glad i haven‚Äôt had our baby yet because it would have made it to much more stressful.",13,"i was just thinking this. we had thanksgiving today and my toddlers are allergic to dairy, i had to make a whole separate meal for them to take with us and i was telling my husband i was glad i haven‚Äôt had our baby yet because it would have made it to much more stressful."
10,2024-11-24 19:59:36,That‚Äôs because the really isn‚Äôt cooking anything today. All the pictures and videos she is putting up of making the sides and all. They are all from last year. It is all recycled content.,5,That‚Äôs because the really isn‚Äôt cooking anything today. All the pictures and videos she is putting up of making the sides and all. They are all from last year. It is all recycled content.
11,2024-11-24 19:48:12,She buys everything prepackaged.  Don‚Äôt you know she has a baby and has no time??üôÑüôÑüôÑüôÑüôÑ,8,She buys everything prepackaged.  Don‚Äôt you know she has a baby and has no time??
12,2024-11-24 21:05:57,That makes more sense. I am curious to see how much she cooks for thanksgiving with a 3 month old though üòÇ,2,That makes more sense. I am curious to see how much she cooks for thanksgiving with a 3 month old though 
13,2024-11-24 21:39:28,Oh yes I forgot ü§£ü§£,2,Oh yes I forgot ü§£ü§£
14,2024-11-24 21:24:41,Nothing. Little Cinderella aka delayne will probably be slaving away in the kitchen with Leonard.,2,Nothing. Little Cinderella aka delayne will probably be slaving away in the kitchen with Leonard.
15,2024-11-24 21:34:00,Maybe. But I also feel like grue will do a lot of cooking/baking because it‚Äôs just another excuse to be away and have nothing to do with her baby ü§∑üèª‚Äç‚ôÄÔ∏è she finds any excuse she can get I fear.,2,Maybe. But I also feel like grue will do a lot of cooking/baking because it‚Äôs just another excuse to be away and have nothing to do with her baby ü§∑ she finds any excuse she can get I fear.
1,2024-11-24 18:52:45,"In what world is the trite the worst enemy in Binding of Isaac? There are so many tricky enemies in mausoleum, corpse, and ascent, but somehow this predictable 1st-floor enemy is the worst?",13,"In what world is the trite the worst enemy in Binding of Isaac? There are so many tricky enemies in mausoleum, corpse, and ascent, but somehow this predictable 1st-floor enemy is the worst?"
2,2024-11-24 18:40:31,The freaking Antlion?,5,The freaking Antlion?
3,2024-11-24 20:49:38,"Primal aspids and the weird spheres from EtG being here is hilarious, shows the mfs who make these things don't even play their games.",3,"Primal aspids and the weird spheres from EtG being here is hilarious, shows the mfs who make these things don't even play their games."
4,2024-11-24 22:23:03,"They always snipe you, I want them publicly executed",1,"They always snipe you, I want them publicly executed"
5,2024-11-24 22:37:35,I would replace it with the warlock. They make Coda runs sooo much harder...,1,I would replace it with the warlock. They make Coda runs sooo much harder...
6,2024-11-24 22:50:35,#FuckBookOfStabbing,1,FuckBookOfStabbing
7,2024-11-24 22:56:54,"I have like 12h on Noita.
I hate those flying slime creatures they are so chunky",1,"I have like 12h on Noita.
I hate those flying slime creatures they are so chunky"
8,2024-11-24 19:38:38,"Somewhat fittingly, but I like that most spider enemies in BoI are pretty much rhytm based. At some point, you instinctively move to avoid them on the moment they move.",4,"Somewhat fittingly, but I like that most spider enemies in BoI are pretty much rhytm based. At some point, you instinctively move to avoid them on the moment they move."
9,2024-11-24 18:56:43,"Nuclear throne has to be an ippd commander, and gungeon idk maybe the iron maiden just in terms of annoyingness.",2,"Nuclear throne has to be an ippd commander, and gungeon idk maybe the iron maiden just in terms of annoyingness."
10,2024-11-24 20:34:03,This image is from around 2018,2,This image is from around 2018
11,2024-11-24 20:31:19,Tbh they‚Äôre little shits that can unexpectedly jump across the room to face plant into you,0,Tbh they‚Äôre little shits that can unexpectedly jump across the room to face plant into you
12,2024-11-24 18:57:57,"I think it's more a symbol of ""summer as a whole is a bitch""",2,"I think it's more a symbol of ""summer as a whole is a bitch"""
1,2024-11-24 21:14:17,"This is, essentially, just a lengthened sour/daisy. The real trick here is sourcing the [Cane Blood Orange](https://shop.bin201.com/cane-blood-orange-mixer.html). This commercial mixer brings so much to the flavor profile (for example: coriander, lemon, mint, and ginger), it will be difficult to ape. If you get your hands on some, I suggest trying:

* 1¬Ω oz 100-Proof Rye (Rittenhouse, Old Forester, Wild Turkey, etc.)
* ¬Ω oz Solerno
* ¬æ oz O.J.
* ¬Ω - ¬æ oz Cane BO
* 2 - 3 dash Orange Bitters (Feegan's would work great here)
* 4 oz Club Soda

I might also suggest acid adjusting the OJ, depending on how acidic the Cane mixer is.",2,"This is, essentially, just a lengthened sour/daisy. The real trick here is sourcing the [Cane Blood Orange]( This commercial mixer brings so much to the flavor profile (for example coriander, lemon, mint, and ginger), it will be difficult to ape. If you get your hands on some, I suggest trying

* 1¬Ω oz 100-Proof Rye (Rittenhouse, Old Forester, Wild Turkey, etc.)
* ¬Ω oz Solerno
* ¬æ oz O.J.
* ¬Ω - ¬æ oz Cane BO
* 2 - 3 dash Orange Bitters (Feegan's would work great here)
* 4 oz Club Soda

I might also suggest acid adjusting the OJ, depending on how acidic the Cane mixer is."
2,2024-11-24 21:45:45,"Thanks so much.  Luckily, the Cane Colle tive is in Baltimore, not far from where I live, so was able to get it more easily than I expected.  I appreciate your help!",1,"Thanks so much.  Luckily, the Cane Colle tive is in Baltimore, not far from where I live, so was able to get it more easily than I expected.  I appreciate your help!"
1,2024-11-24 21:53:45,"I totally get your point. I think whatever the orange side is, he‚Äôll be some sort of foil to Logan. Just because of the dynamics between the characters. I see Janus being a foil to Patton in a way, like they both want to protect cThomas but they go about it in different ways. Then Remus and Roman are foils of each other in means of self expression, light vs dark. And I think because of name patterns, ‚Äúus‚Äù endings being dark sides, ‚Äúon/an‚Äù being light sides and Virgil being his own thing because of the name patterns, we‚Äôre looking for a foil for Logan since it‚Äôs not Virgil. I think it‚Äôs going to be touching on the idea of being in control of your self. Logan is very measured and in control of himself most of the time. The flash of orange was him losing control. I don‚Äôt necessarily know that it‚Äôll be anger but something that makes a person lose their sense of control. That‚Äôs just my thoughts, I really liked reading yours!",1,"I totally get your point. I think whatever the orange side is, he‚Äôll be some sort of foil to Logan. Just because of the dynamics between the characters. I see Janus being a foil to Patton in a way, like they both want to protect cThomas but they go about it in different ways. Then Remus and Roman are foils of each other in means of self expression, light vs dark. And I think because of name patterns, ‚Äúus‚Äù endings being dark sides, ‚Äúon/an‚Äù being light sides and Virgil being his own thing because of the name patterns, we‚Äôre looking for a foil for Logan since it‚Äôs not Virgil. I think it‚Äôs going to be touching on the idea of being in control of your self. Logan is very measured and in control of himself most of the time. The flash of orange was him losing control. I don‚Äôt necessarily know that it‚Äôll be anger but something that makes a person lose their sense of control. That‚Äôs just my thoughts, I really liked reading yours!"
